<?xml version="1.0" encoding="UTF-8"?>
<project-private xmlns="http://www.netbeans.org/ns/project-private/1">
    <editor-bookmarks xmlns="http://www.netbeans.org/ns/editor-bookmarks/2" lastBookmarkId="0"/>
    <open-files xmlns="http://www.netbeans.org/ns/projectui-open-files/2">
        <group>
            <file>file:/C:/Users/Hugo%20Cepeda/Documents/ORT/AED1/Practicos/ws/EjemploSistemaStock/src/sistema/entidades/Cliente.java</file>
            <file>file:/C:/Users/Hugo%20Cepeda/Documents/ORT/AED1/Practicos/ws/EjemploSistemaStock/src/sistema/entidades/Pedido.java</file>
            <file>file:/C:/Users/Hugo%20Cepeda/Documents/ORT/AED1/Practicos/ws/EjemploSistemaStock/src/sistema/tads/Nodo.java</file>
            <file>file:/C:/Users/Hugo%20Cepeda/Documents/ORT/AED1/Practicos/ws/EjemploSistemaStock/src/sistema/tads/Lista.java</file>
            <file>file:/C:/Users/Hugo%20Cepeda/Documents/ORT/AED1/Practicos/ws/EjemploSistemaStock/src/sistema/Retorno.java</file>
            <file>file:/C:/Users/Hugo%20Cepeda/Documents/ORT/AED1/Practicos/ws/EjemploSistemaStock/src/sistema/entidades/Producto.java</file>
            <file>file:/C:/Users/Hugo%20Cepeda/Documents/ORT/AED1/Practicos/ws/EjemploSistemaStock/src/sistema/main/Prueba.java</file>
            <file>file:/C:/Users/Hugo%20Cepeda/Documents/ORT/AED1/Practicos/ws/EjemploSistemaStock/src/sistema/tads/ILista.java</file>
            <file>file:/C:/Users/Hugo%20Cepeda/Documents/ORT/AED1/Practicos/ws/EjemploSistemaStock/src/sistema/Sistema.java</file>
        </group>
    </open-files>
</project-private>
