<?xml version="1.0" encoding="UTF-8"?>
<project-private xmlns="http://www.netbeans.org/ns/project-private/1">
    <editor-bookmarks xmlns="http://www.netbeans.org/ns/editor-bookmarks/2" lastBookmarkId="0"/>
    <open-files xmlns="http://www.netbeans.org/ns/projectui-open-files/2">
        <group>
            <file>file:/C:/Users/pablo/OneDrive/Escritorio/Obligatorio2025%20-%2011%20MAYO%20-%2018-37%20hs/Obligatorio2025_11-5_12-06/test/sistemaAutogestion/IObligatorioTest.java</file>
            <file>file:/C:/Users/pablo/OneDrive/Escritorio/Obligatorio2025%20-%2011%20MAYO%20-%2018-37%20hs/Obligatorio2025_11-5_12-06/src/sistemaAutogestion/Sistema.java</file>
            <file>file:/C:/Users/pablo/OneDrive/Escritorio/Obligatorio2025%20-%2011%20MAYO%20-%2018-37%20hs/Obligatorio2025_11-5_12-06/src/sistemaAutogestion/Retorno.java</file>
        </group>
    </open-files>
</project-private>
