<?xml version="1.0" encoding="UTF-8"?>
<project-private xmlns="http://www.netbeans.org/ns/project-private/1">
    <editor-bookmarks xmlns="http://www.netbeans.org/ns/editor-bookmarks/2" lastBookmarkId="0"/>
    <open-files xmlns="http://www.netbeans.org/ns/projectui-open-files/2">
        <group>
            <file>file:/C:/Users/hcepeda/Documents/ORT/2025/Clase%207/Practico5/Practico5/src/tads/listaGeneric/ListaSE.java</file>
            <file>file:/C:/Users/hcepeda/Documents/ORT/2025/Clase%207/Practico5/Practico5/src/tads/listaGenericOrdenada/Nodo.java</file>
            <file>file:/C:/Users/hcepeda/Documents/ORT/2025/Clase%207/Practico5/Practico5/src/tads/listaGeneric/Nodo.java</file>
            <file>file:/C:/Users/hcepeda/Documents/ORT/2025/Clase%207/Practico5/Practico5/src/modelo/Persona.java</file>
            <file>file:/C:/Users/hcepeda/Documents/ORT/2025/Clase%207/Practico5/Practico5/src/pruebas/Pruebas.java</file>
            <file>file:/C:/Users/hcepeda/Documents/ORT/2025/Clase%207/Practico5/Practico5/src/tads/listaGenericOrdenada/ListaSEO.java</file>
            <file>file:/C:/Users/hcepeda/Documents/ORT/2025/Clase%207/Practico5/Practico5/src/tads/listaGeneric/IListaSE.java</file>
            <file>file:/C:/Users/hcepeda/Documents/ORT/2025/Clase%207/Practico5/Practico5/src/tads/listaGenericOrdenada/IListaSEO.java</file>
        </group>
    </open-files>
</project-private>
