{
	"info": {
		"_postman_id": "865c2992-7b38-43b1-bbf3-03ba2efd5d22",
		"name": "todoObligatorioFebrero2025",
		"schema": "https://schema.getpostman.com/json/collection/v2.1.0/collection.json",
		"_exporter_id": "28445351"
	},
	"item": [
		{
			"name": "todos los paises",
			"request": {
				"auth": {
					"type": "noauth"
				},
				"method": "GET",
				"header": [],
				"url": {
					"raw": "https://movetrack.develotion.com/paises.php",
					"protocol": "https",
					"host": [
						"movetrack",
						"develotion",
						"com"
					],
					"path": [
						"paises.php"
					]
				}
			},
			"response": []
		},
		{
			"name": "registrar usuario",
			"request": {
				"auth": {
					"type": "noauth"
				},
				"method": "POST",
				"header": [],
				"body": {
					"mode": "raw",
					"raw": "{\r\n    \"usuario\": \"hulk\",\r\n    \"password\":\"1234\",\r\n    \"idPais\": 235\r\n}",
					"options": {
						"raw": {
							"language": "json"
						}
					}
				},
				"url": {
					"raw": "https://movetrack.develotion.com/usuarios.php",
					"protocol": "https",
					"host": [
						"movetrack",
						"develotion",
						"com"
					],
					"path": [
						"usuarios.php"
					]
				}
			},
			"response": []
		},
		{
			"name": "login",
			"request": {
				"auth": {
					"type": "noauth"
				},
				"method": "POST",
				"header": [],
				"body": {
					"mode": "raw",
					"raw": "{\r\n    \"usuario\":\"hulk\",\r\n    \"password\":\"1234\"\r\n}",
					"options": {
						"raw": {
							"language": "json"
						}
					}
				},
				"url": {
					"raw": "https://movetrack.develotion.com/login.php",
					"protocol": "https",
					"host": [
						"movetrack",
						"develotion",
						"com"
					],
					"path": [
						"login.php"
					]
				}
			},
			"response": []
		},
		{
			"name": "Agregar una actividad",
			"request": {
				"auth": {
					"type": "noauth"
				},
				"method": "POST",
				"header": [
					{
						"key": "apiKey",
						"value": "6ea989a6903e5fc9d501c429f09f8cd9",
						"type": "text"
					},
					{
						"key": "iduser",
						"value": "1859",
						"type": "text"
					}
				],
				"body": {
					"mode": "raw",
					"raw": "{\r\n    \"idActividad\": 25,\r\n    \"idUsuario\": 1859,\r\n    \"tiempo\": 50,\r\n    \"fecha\": \"2025-02-01\"\r\n}",
					"options": {
						"raw": {
							"language": "json"
						}
					}
				},
				"url": {
					"raw": "https://movetrack.develotion.com/registros.php",
					"protocol": "https",
					"host": [
						"movetrack",
						"develotion",
						"com"
					],
					"path": [
						"registros.php"
					]
				}
			},
			"response": []
		},
		{
			"name": "todas las actividades",
			"request": {
				"auth": {
					"type": "noauth"
				},
				"method": "GET",
				"header": [
					{
						"key": "apikey",
						"value": "6ea989a6903e5fc9d501c429f09f8cd9",
						"type": "text"
					},
					{
						"key": "iduser",
						"value": "1859",
						"type": "text"
					}
				],
				"url": {
					"raw": "https://movetrack.develotion.com/actividades.php",
					"protocol": "https",
					"host": [
						"movetrack",
						"develotion",
						"com"
					],
					"path": [
						"actividades.php"
					]
				}
			},
			"response": []
		},
		{
			"name": "Ver todas las actividades de un usuario",
			"request": {
				"auth": {
					"type": "noauth"
				},
				"method": "GET",
				"header": [
					{
						"key": "apikey",
						"value": "6ea989a6903e5fc9d501c429f09f8cd9",
						"type": "text"
					},
					{
						"key": "iduser",
						"value": "1859",
						"type": "text"
					}
				],
				"url": {
					"raw": "https://movetrack.develotion.com/registros.php?idUsuario=1859",
					"protocol": "https",
					"host": [
						"movetrack",
						"develotion",
						"com"
					],
					"path": [
						"registros.php"
					],
					"query": [
						{
							"key": "idUsuario",
							"value": "1859"
						}
					]
				}
			},
			"response": []
		},
		{
			"name": "Eliminar una actividad de un usuario",
			"request": {
				"auth": {
					"type": "noauth"
				},
				"method": "DELETE",
				"header": [
					{
						"key": "apikey",
						"value": "6ea989a6903e5fc9d501c429f09f8cd9",
						"type": "text"
					},
					{
						"key": "iduser",
						"value": "1859",
						"type": "text"
					}
				],
				"url": {
					"raw": "https://movetrack.develotion.com/registros.php?idRegistro=766",
					"protocol": "https",
					"host": [
						"movetrack",
						"develotion",
						"com"
					],
					"path": [
						"registros.php"
					],
					"query": [
						{
							"key": "idRegistro",
							"value": "766"
						}
					]
				}
			},
			"response": []
		},
		{
			"name": "usuariosPorPais",
			"request": {
				"auth": {
					"type": "noauth"
				},
				"method": "GET",
				"header": [
					{
						"key": "apikey",
						"value": "6ea989a6903e5fc9d501c429f09f8cd9",
						"type": "text"
					},
					{
						"key": "iduser",
						"value": "1859",
						"type": "text"
					}
				],
				"url": {
					"raw": "https://movetrack.develotion.com/usuariosPorPais.php",
					"protocol": "https",
					"host": [
						"movetrack",
						"develotion",
						"com"
					],
					"path": [
						"usuariosPorPais.php"
					]
				}
			},
			"response": []
		}
	]
}