<?xml version="1.0" encoding="UTF-8"?>
<project-private xmlns="http://www.netbeans.org/ns/project-private/1">
    <editor-bookmarks xmlns="http://www.netbeans.org/ns/editor-bookmarks/2" lastBookmarkId="0"/>
    <open-files xmlns="http://www.netbeans.org/ns/projectui-open-files/2">
        <group/>
        <group name="Obligatorio">
            <file>file:/C:/Users/Hugo%20Cepeda/OneDrive%20-%20Facultad%20de%20Ingenieria%20-%20Universidad%20ORT%20Uruguay/Cursos/AED1/ejereciciosParciales/EjerciciosParcial/EjerciciosParcial/src/pacial/Parcial.java</file>
        </group>
    </open-files>
</project-private>
